"huc12","CDL_name","areasqkm","pixel.coverage","percent.coverage"
"010700060102","Grass/Pasture",91.07,2929.89128507685,2.89546739493704
"010801030206","Grass/Pasture",85.73,2452.22966738837,2.57436918307423
"010801060305","Grass/Pasture",91.38,3697.16465698946,3.64133091627327
"010802010608","Grass/Pasture",94.09,2167.62618133891,2.07340159762464
"011000050501","Grass/Pasture",89.2,15841.354453429,15.9834293812624
"020200030803","Grass/Pasture",68.44,3603.4926289016,4.73866651959591
"020200040103","Grass/Pasture",81.94,7259.85248787939,7.97396538820045
"020200040201","Grass/Pasture",76.03,12333.7335929665,14.5999740019333
"020200040202","Grass/Pasture",71.95,9283.95017365242,11.6130023019975
"020200040203","Grass/Pasture",67.58,10499.3710218028,13.9825894045909
"020200040308","Grass/Pasture",91.98,14602.611130624,14.288269208047
"020200040902","Grass/Pasture",67.74,13394.3793501441,17.7958981622818
"020200040903","Grass/Pasture",91.22,23976.629848865,23.6559601666066
"020200050403","Grass/Pasture",88.82,5003.81122783955,5.07028834165233
"020200050405","Grass/Pasture",86.16,9368.49684089435,9.78603430455538
"020200061002","Grass/Pasture",82.63,5812.68953467687,6.33113951495726
"020501010302","Grass/Pasture",85.6,12321.2794992122,12.9546162959007
"020501010902","Grass/Pasture",63.57,8742.94410879887,12.3779293659257
"020501020202","Grass/Pasture",90.22,11157.9541537666,11.1307456643648
"020501050101","Grass/Pasture",92.35,7964.34969614505,7.7616835154635
"020501070503","Grass/Pasture",79.7,11947.3554111194,13.491367465505
"020501070504","Grass/Pasture",84.38,12883.0452753202,13.7411006728943
"020501070601","Grass/Pasture",71,10317.2848255109,13.0782483703659
"020501070901","Grass/Pasture",94.54,6934.07883671916,6.60109049402078
"020502010102","Grass/Pasture",93.63,12104.8794810005,11.6355778413975
"020502060701","Grass/Pasture",88.98,10663.0382068423,10.7852712813644
"020503010502","Grass/Pasture",78.2,10125.4907555025,11.6533781073558
"020503010602","Grass/Pasture",74.38,9115.05237018108,11.0292378773366
"020503011004","Grass/Pasture",83.62,11696.6983233268,12.5891275902824
"020503030403","Grass/Pasture",71.83,9574.41787155507,11.996347047751
"020503030701","Grass/Pasture",73.3,7506.23010228854,9.216380753151
"020503040202","Grass/Pasture",66.74,8392.65858043584,11.3176396799405
"020503040901","Grass/Pasture",66.19,7645.74845264909,10.3960924722529
"020600020405","Grass/Pasture",92.16,2686.81291420222,2.62384073652561
"020600060101","Grass/Pasture",90.97,21898.6566073679,21.6651543878544
"020700010504","Grass/Pasture",85.37,4746.91250383629,5.00435897089453
"020700010505","Grass/Pasture",69.17,4950.28826505915,6.44102853629208
"020700010507","Grass/Pasture",78.44,3070.51264041242,3.52302572204383
"020700010509","Grass/Pasture",81.74,5566.44013463236,6.12894069142296
"020700040303","Grass/Pasture",74.69,8540.91287567862,10.2916342055305
"020700090202","Grass/Pasture",65.43,13407.324069701,18.4419863407166
"020700090506","Grass/Pasture",71.94,17719.454575304,22.1677913786122
"020700100603","Grass/Pasture",66.06,16034.8817569426,21.8458879522379
"020700110301","Grass/Pasture",68.15,3157.39426479444,4.16970629246514
"020801020203","Grass/Pasture",82.76,1233.57399298425,1.34148935921438
"020801030503","Grass/Pasture",64.64,11640.274544762,16.2070654243283
"020801030802","Grass/Pasture",84.31,19207.6504618095,20.5039561328769
"020801031001","Grass/Pasture",72.32,15920.4119631407,19.8124595780236
"020801031002","Grass/Pasture",73.59,13401.5109017627,16.3899440298769
"020801031101","Grass/Pasture",83.19,14547.9344969263,15.7388400615863
"020801040104","Grass/Pasture",79.84,6170.12033258437,6.9552959660896
"020801050202","Grass/Pasture",70.58,5295.09202298385,6.75203006614546
"020801050302","Grass/Pasture",70.08,2195.19181370542,2.819167568971
"020801050601","Grass/Pasture",88.17,2308.38246390295,2.35629377057123
"020801060102","Grass/Pasture",77.98,15022.6082531064,17.3382244521618
"020801060302","Grass/Pasture",92.18,10104.980264406,9.86600372962183
"020802031101","Grass/Pasture",91.45,12436.6189785482,12.2394281910261
"020802031103","Grass/Pasture",78.71,14462.4758213127,16.5369435131259
"020802050203","Grass/Pasture",75.34,9093.94961055608,10.8634917036109
"020802050301","Grass/Pasture",74.5,8495.2680156568,10.2627398846861
"020802050502","Grass/Pasture",84.37,5508.02397204642,5.87557375233113
"020802050504","Grass/Pasture",79.63,7527.03893686944,8.50726490415986
"020802050601","Grass/Pasture",80.2,9287.79580905626,10.4227135014347
"020802050602","Grass/Pasture",93.35,6825.7616207081,6.58080927545505
"020802070403","Grass/Pasture",65.21,4043.47787608132,5.58063194061216
"020802070501","Grass/Pasture",84.66,8150.40211547718,8.66449551609906
"020802070503","Grass/Pasture",66.57,6938.95704823025,9.3811947474947
"020802070704","Grass/Pasture",82.54,5256.8009158554,5.73191279897003
"020802070705","Grass/Pasture",73.07,8080.64598427809,9.95289638134704
"040103020403","Grass/Pasture",71.02,5519.75578940224,6.99490314061112
"040103020505","Grass/Pasture",71.99,2675.55481062854,3.34490808385288
"040301030204","Grass/Pasture",70.07,3889.08371526152,4.99525523581471
"040500011603","Grass/Pasture",64.62,11342.5311292955,15.7973971160104
"041201020202","Grass/Pasture",67.07,8104.14170459783,10.8747987686567
"041201020206","Grass/Pasture",72.48,5309.16526469745,6.59250653728988
"041201020208","Grass/Pasture",92.17,11073.7085346706,10.8129952058192
"041201030103","Grass/Pasture",69.45,11665.8117203689,15.1176825749921
"041300020907","Grass/Pasture",65.08,7301.81072365296,10.0977714371353
"041402010302","Grass/Pasture",91.42,8015.35861940752,7.89085840895512
"041402010901","Grass/Pasture",79.66,3921.08276587072,4.43004580628125
"041402011002","Grass/Pasture",64.25,14648.054508983,20.5186755767855
"041402011105","Grass/Pasture",67.92,20286.9325909996,26.8819778149288
"041402011204","Grass/Pasture",64.52,5260.2323059112,7.33758381171742
"041402011304","Grass/Pasture",76.19,8640.83432289408,10.207049337977
"041402011505","Grass/Pasture",68.83,11660.0392489868,15.2463102195091
"050100010402","Grass/Pasture",70.57,7898.99518105272,10.0738212596676
"050100010703","Grass/Pasture",67.53,4198.22720297077,5.59514953749992
"050100011106","Grass/Pasture",92.65,6126.65515930124,5.95141893510104
"050100020405","Grass/Pasture",79.9,12288.8792061133,13.8422919718423
"050100030803","Grass/Pasture",80.13,3292.3303062281,3.69786256783388
"050100040301","Grass/Pasture",67.51,10493.5060564479,13.9892689243121
"050100050703","Grass/Pasture",91.86,8750.0370465992,8.57286451332384
"050100050903","Grass/Pasture",76.86,7932.00996359324,9.28806787306
"050100060801","Grass/Pasture",76.02,9937.57295388871,11.7650824237041
"050100060802","Grass/Pasture",87.95,9893.30557972489,10.1239056529305
"050100061001","Grass/Pasture",70.18,8671.5880148478,11.1205887907709
"050100070101","Grass/Pasture",65.07,9352.22955254369,12.9353105844311
"050100070301","Grass/Pasture",68.1,9716.00800791347,12.8405392175068
"050100070802","Grass/Pasture",86.99,12284.347345312,12.7094063809413
"050100071003","Grass/Pasture",76.07,7116.22387026884,8.41935254797155
"050100080102","Grass/Pasture",85.66,10758.1694469834,11.3032366358686
"050200040601","Grass/Pasture",72.7,6065.63871448727,7.50904380060322
"050200060703","Grass/Pasture",91.12,16069.6294675519,15.8721098779595
"050200060706","Grass/Pasture",71.64,13108.4930764234,16.46795612616
"050200060709","Grass/Pasture",92.3,4786.15412259763,4.6668891769641
"050301030501","Grass/Pasture",66.87,7505.33254590207,10.1013896983877
"050301050303","Grass/Pasture",70.8,10093.0057462594,12.8300920503297
"050400011903","Grass/Pasture",85.68,20250.3317408622,21.2713568706536
"050800010905","Grass/Pasture",87.69,4672.08283297683,4.79515856959647
"050800011004","Grass/Pasture",89.68,5765.52084119839,5.78609361850864
"050800020602","Grass/Pasture",79.38,4358.05570283401,4.94110623904083
"050902011103","Grass/Pasture",71.43,16134.9008082755,20.3295684270586
"051100010108","Grass/Pasture",68.15,12104.8051077956,15.9858027835892
"051100010109","Grass/Pasture",71.96,9862.03034399073,12.3343903690823
"051100030105","Grass/Pasture",64.27,5836.15689344626,8.17261740174519
"051100030302","Grass/Pasture",70.2,7600.09204529793,9.74370775038196
"051100030306","Grass/Pasture",66.65,8581.63702122673,11.5881070054074
"051100030402","Grass/Pasture",69.52,14701.2725155907,19.0321422094816
"051100030505","Grass/Pasture",92.51,10960.2976139472,10.6629206059372
"051100040503","Grass/Pasture",85.06,9672.01089664899,10.2337289054598
"051100040507","Grass/Pasture",66.81,4396.68021368946,5.92278430223097
"051100050101","Grass/Pasture",65.17,9241.88502187733,12.7630758319619
"051100050102","Grass/Pasture",75.12,8993.3610289836,10.7747935650762
"051100050104","Grass/Pasture",66.19,5561.8113510416,7.56251732276392
"051100050105","Grass/Pasture",77.05,8485.91808402939,9.91216907933349
"051100050201","Grass/Pasture",71.5,8628.21932407206,10.8606956526781
"051100050202","Grass/Pasture",68.24,4483.34089707226,5.91296425463809
"051100050308","Grass/Pasture",89.4,11270.8882047067,11.3465317497047
"051100050401","Grass/Pasture",71.14,7289.97438473372,9.22262713840364
"051100050404","Grass/Pasture",66.74,5638.18081812574,7.60318060580337
"051100050503","Grass/Pasture",64.08,2543.38952583226,3.57217630032621
"051100060206","Grass/Pasture",64.07,8694.46739655659,12.2132365489323
"051100060405","Grass/Pasture",70.23,3558.88469662687,4.56072366077771
"051100060505","Grass/Pasture",90.55,5950.27790497267,5.9141359629767
"051100060507","Grass/Pasture",70.9,2519.9962708974,3.19886691651292
"051201070203","Grass/Pasture",81.89,3393.97634977993,3.73009978605683
"051201090505","Grass/Pasture",87.15,6485.60253264359,6.69769624713624
"051201090603","Grass/Pasture",69.06,6580.67671524535,8.57603394688794
"051201111801","Grass/Pasture",70.85,7834.67500555236,9.95230417077929
"051201120801","Grass/Pasture",76.41,4699.5091496471,5.53534646601543
"051201120901","Grass/Pasture",83.73,7294.83729761629,7.84110064236792
"051201121004","Grass/Pasture",89.31,10771.1058999524,10.854322371467
"051201121009","Grass/Pasture",64.18,4184.14332118344,5.86744934413384
"051201121206","Grass/Pasture",73.39,5856.86627632387,7.18242219470157
"051201121208","Grass/Pasture",72.14,5934.83549591033,7.4041474165779
"051201121301","Grass/Pasture",76.43,3970.78170141353,4.67578638135834
"051201121302","Grass/Pasture",73.66,2329.01389777366,2.84565912027735
"051201140105","Grass/Pasture",66.77,4549.57905874681,6.13242646828236
"051201140202","Grass/Pasture",71.09,5824.18018299865,7.37341702728764
"051201140409","Grass/Pasture",84.98,9642.97854771069,10.2126155482933
"051201140505","Grass/Pasture",77.94,13051.6893402098,15.0712348039374
"051201140603","Grass/Pasture",70.53,6713.22919534612,8.56643453255566
"051201140701","Grass/Pasture",63.92,8182.53415942803,11.521090024226
"051201140801","Grass/Pasture",72.88,6677.90653515625,8.24659149511612
"051201140804","Grass/Pasture",91.76,10782.7131755633,10.5758956604261
"051201140806","Grass/Pasture",79.55,10347.4407234557,11.7067211201887
"051201140905","Grass/Pasture",91.29,14751.8209691585,14.5433660556936
"051201140907","Grass/Pasture",74.83,6073.60724857805,7.30488644089302
"051201150202","Grass/Pasture",69.31,10114.1724338357,13.1333937245017
"051201150504","Grass/Pasture",64.32,8618.8842299403,12.0600059187597
"051401020703","Grass/Pasture",72.01,21994.5340207726,27.489349560749
"051402010603","Grass/Pasture",84.1,13104.9246027782,14.0242950564808
"051402020501","Grass/Pasture",82.69,4761.57033086306,5.18250489512245
"051402020503","Grass/Pasture",87.09,6347.90516009523,6.56001222193789
"051402020504","Grass/Pasture",85.59,4864.90137795033,5.11556401466912
"051402020505","Grass/Pasture",68.52,3846.49305357912,5.05231136634736
"051402030101","Grass/Pasture",79.1,6480.9587460466,7.3740364999266
"051402030202","Grass/Pasture",69.4,6317.9543366145,8.19331254027817
"051402030203","Grass/Pasture",68.79,9959.01561272555,13.0296758997718
"051402040402","Grass/Pasture",82,21954.9131046746,24.0968558465941
"051402040406","Grass/Pasture",79.39,12922.8903298228,14.6499575473492
"051402040407","Grass/Pasture",87.12,8096.51399784939,8.3641673531502
"051402040503","Grass/Pasture",72.32,12651.5671991889,15.7444835166897
"051402050103","Grass/Pasture",84.45,6735.84088262945,7.17851603832623
"051402050402","Grass/Pasture",87.35,9378.10008922856,9.6626102808308
"051402060601","Grass/Pasture",73.86,9405.07360825085,11.4602846566826
"051402060602","Grass/Pasture",68.91,6639.70012539363,8.67178945414928
"070102020505","Grass/Pasture",66.88,2834.14501456094,3.81389131744146
"070102040210","Grass/Pasture",83.15,4220.42644766517,4.5681104063724
"070102050202","Grass/Pasture",88.78,2039.17812744109,2.06720017424756
"070102050304","Grass/Pasture",74.06,4659.09988124484,5.66188211331401
"070102050307","Grass/Pasture",72.72,5009.07508786733,6.19935035627145
"070102050405","Grass/Pasture",75.11,994.15549355952,1.19123944109116
"070102050602","Grass/Pasture",74.23,1420.35501283692,1.722106306821
"070102050603","Grass/Pasture",86.33,2374.36066969391,2.47529781388222
"070200010101","Grass/Pasture",67.2,24338.2822993222,32.5959137937351
"070200010105","Grass/Pasture",86.27,29948.6649276528,31.2435359161789
"070200010403","Grass/Pasture",72.3,2754.39993029632,3.42871360617799
"070200010501","Grass/Pasture",68.2,30626.5310453148,40.4162433149316
"070200010503","Grass/Pasture",78.02,25921.6247671105,29.901899885157
"070200010602","Grass/Pasture",65.81,27174.8511787121,37.1636013688511
"070200010603","Grass/Pasture",81.46,5864.9173815483,6.47977613969245
"070200010702","Grass/Pasture",83.98,33083.801494329,35.4553719277162
"070200010704","Grass/Pasture",79.1,2681.15513705525,3.0506189928568
"070200010902","Grass/Pasture",92.77,44135.9425312105,42.8180966671224
"070200010903","Grass/Pasture",72.13,24369.0195426748,30.4063740307879
"070200010905","Grass/Pasture",72.7,9267.07525104223,11.4723077385667
"070200010906","Grass/Pasture",85.35,2754.06120712869,2.90410672104959
"070200020403","Grass/Pasture",91.44,535.320041260915,0.526889804390664
"070200030202","Grass/Pasture",83.53,20392.4410626576,21.9719824690433
"070200030203","Grass/Pasture",93.83,22624.4801663333,21.7009827877011
"070200030304","Grass/Pasture",90.25,20275.9556008721,20.2197895188752
"070200040102","Grass/Pasture",89.46,1209.04783995231,1.21634591544498
"070200040205","Grass/Pasture",87.29,1883.29765002523,1.94176639365644
"070200040304","Grass/Pasture",67.53,7729.10891994283,10.3009003819762
"070200040305","Grass/Pasture",91.1,9591.37705000117,9.47556459385406
"070200040402","Grass/Pasture",72.59,12114.3251081496,15.0198272452606
"070200040404","Grass/Pasture",92.07,17938.8742423625,17.5355564441471
"070200040504","Grass/Pasture",66.76,608.107015902176,0.819796756009524
"070200040601","Grass/Pasture",75.92,3281.68175050848,3.89029712257328
"070200040802","Grass/Pasture",81.85,886.379393951502,0.974638307338243
"070200041002","Grass/Pasture",89.07,689.639695451217,0.696840379371388
"070200041006","Grass/Pasture",94.4,2347.66544664635,2.23824036226877
"070200041106","Grass/Pasture",64.13,1649.59676924546,2.31504302560567
"070200041206","Grass/Pasture",64.01,1984.76276752481,2.79063660486225
"070200051001","Grass/Pasture",73.99,664.361400496215,0.808116313618859
"070200051002","Grass/Pasture",64.88,540.043237651378,0.749135194029347
"070200060203","Grass/Pasture",70.72,6660.09788210873,8.47580330019493
"070200060702","Grass/Pasture",74.48,1989.26454129283,2.40378368308747
"070200070401","Grass/Pasture",87.3,1517.67125181417,1.56460953795275
"070200071103","Grass/Pasture",94.07,952.386108746599,0.91118050161788
"070200071105","Grass/Pasture",69.71,1392.79778678273,1.79818965443187
"070200071106","Grass/Pasture",86.35,5023.29087504792,5.23562453681891
"070200080201","Grass/Pasture",70.3,6135.68574922933,7.85507421665206
"070200080301","Grass/Pasture",74.76,3508.04158086469,4.22316402190773
"070200080403","Grass/Pasture",72.36,2722.34606488235,3.38600256826163
"070200080504","Grass/Pasture",90.27,6591.63232487172,6.57191657514628
"070200080505","Grass/Pasture",72.81,2088.69460708021,2.58182275288036
"070200080707","Grass/Pasture",94.23,1159.94399131864,1.10787391720978
"070200090604","Grass/Pasture",77.19,1859.43251977935,2.16801304288304
"070200090907","Grass/Pasture",84.66,1115.18478760868,1.18552599674913
"070200100303","Grass/Pasture",90.46,399.688839637209,0.397656373727048
"070200100403","Grass/Pasture",80.6,1104.00161210098,1.23275614254452
"070200100406","Grass/Pasture",82.66,775.507210815907,0.844370299702778
"070200100603","Grass/Pasture",74.46,210.597219275311,0.25454941894679
"070200110301","Grass/Pasture",80.98,2073.66136294765,2.3046372272819
"070200110304","Grass/Pasture",84.89,2005.96058149589,2.12671047631794
"070200110604","Grass/Pasture",90.54,2285.51409894972,2.2718828021369
"070200120403","Grass/Pasture",84.04,2585.29431386534,2.76863979352547
"070200120501","Grass/Pasture",88.15,1159.48446069798,1.18381850780282
"070200120603","Grass/Pasture",84.41,1636.83110610931,1.74522923290887
"070200120608","Grass/Pasture",72.05,1274.25865548593,1.5917179596632
"070200120609","Grass/Pasture",79.1,2217.58935013336,2.52317372328701
"070200120704","Grass/Pasture",77.74,6434.43876031815,7.44918302583784
"070200120801","Grass/Pasture",91.63,15859.137691165,15.5770205413604
"070300010401","Grass/Pasture",65.25,7386.20355554865,10.1878669731706
"070400010205","Grass/Pasture",84.19,13934.5819613477,14.8962154236999
"070400010208","Grass/Pasture",68.06,7221.76746171004,9.54979535048345
"070400010504","Grass/Pasture",67.25,12940.8459954769,17.3186043062144
"070400010506","Grass/Pasture",65.22,7640.72051880436,10.5437725650474
"070400010507","Grass/Pasture",78.34,8785.01042953281,10.0925572971401
"070400010601","Grass/Pasture",86.46,11534.9849984193,12.007270990721
"070400010703","Grass/Pasture",64.83,7758.6669779649,10.7709398120753
"070400020105","Grass/Pasture",92.83,9501.11803153397,9.21146852136225
"070400020301","Grass/Pasture",78.39,11832.3887911354,13.58483213678
"070400020501","Grass/Pasture",93.12,11669.3991842843,11.2784141600686
"070400020503","Grass/Pasture",69.75,7720.23353239463,9.96159165470275
"070400020703","Grass/Pasture",74.1,12008.0081406874,14.58462527209
"070400020801","Grass/Pasture",68.34,9755.62234810693,12.8476150326255
"070400020802","Grass/Pasture",77.2,11366.7000471411,13.2513342518484
"070400020902","Grass/Pasture",73.35,6633.66197930779,8.1394625512979
"070400020904","Grass/Pasture",69.92,6006.81869438419,7.7318890516959
"070400030105","Grass/Pasture",63.62,9295.34775623518,13.1496588818165
"070400030201","Grass/Pasture",65.88,12805.3217383767,17.4936089322086
"070400030401","Grass/Pasture",88.24,9226.19696845855,9.41021902947948
"070400030403","Grass/Pasture",67.54,8515.40638679266,11.3471509447933
"070400030404","Grass/Pasture",80.64,8404.70137302636,9.38024706810978
"070400030405","Grass/Pasture",91.61,10328.4454378322,10.1469281672841
"070400040304","Grass/Pasture",81.08,3232.37821783987,3.58798766163775
"070400040305","Grass/Pasture",75.09,12650.9288796632,15.1629191526127
"070400040501","Grass/Pasture",77.75,9591.99034964991,11.103268571942
"070400040502","Grass/Pasture",90.09,14458.0097755677,14.4435662093583
"070400040505","Grass/Pasture",85.22,9142.39497333041,9.65519300163972
"070400040509","Grass/Pasture",94.52,16666.6087619618,15.8696020797351
"070400040510","Grass/Pasture",69.6,8780.72376250121,11.3543841756481
"070400050101","Grass/Pasture",89.51,15015.7111443561,15.0979108813769
"070400050103","Grass/Pasture",89.49,15243.5685631098,15.3304410624638
"070400050203","Grass/Pasture",93.97,9155.69035331986,8.76888508884524
"070400050204","Grass/Pasture",71.76,7563.75378195569,9.48631327168356
"070400050205","Grass/Pasture",79.35,9047.8391342981,10.2621993961793
"070400050301","Grass/Pasture",76.31,12326.6337961814,14.5380296377451
"070400050401","Grass/Pasture",63.99,7103.25924843362,9.99051933675615
"070400050405","Grass/Pasture",81.18,10990.6969001191,12.1848080932584
"070400050502","Grass/Pasture",84.09,8721.45170991437,9.33441139127475
"070400070401","Grass/Pasture",72.51,3153.78164108785,3.91449934764731
"070400070402","Grass/Pasture",66.2,3858.41216667346,5.24557545318144
"070400071008","Grass/Pasture",84.6,7378.19984505896,7.84914877133932
"070400071101","Grass/Pasture",89.44,8984.25630160097,9.0405083535788
"070500051005","Grass/Pasture",84.05,7241.83292570253,7.75449093769456
"070500060203","Grass/Pasture",71.9,4680.65371877851,5.8589545853973
"070500060503","Grass/Pasture",71.5,9420.54960926797,11.8580344732044
"070500070502","Grass/Pasture",80.48,14039.4112278968,15.7001368105208
"070500070506","Grass/Pasture",92.87,14636.4192136237,14.1841039003568
"070500070606","Grass/Pasture",92.4,15639.1392512703,15.2329278421464
"070600010401","Grass/Pasture",74.88,16621.5982866045,19.977882556015
"070600020104","Grass/Pasture",69.1,4922.17323960341,6.41093475491037
"070600020202","Grass/Pasture",91.31,20464.8398445898,20.171236294087
"070600020204","Grass/Pasture",64.57,15865.9103497861,22.1144793476963
"070600020205","Grass/Pasture",91.51,24879.0215600267,24.4684945951525
"070600020501","Grass/Pasture",82.34,27897.3460808346,30.4926056263677
"070600040202","Grass/Pasture",73.71,10341.9320323671,12.6275116390319
"070600040203","Grass/Pasture",70.23,13097.0659454679,16.7839375636069
"070600040304","Grass/Pasture",72.56,9758.50470262501,12.1039887436087
"070600050303","Grass/Pasture",84.25,20348.0142379082,21.7367511146794
"070600050902","Grass/Pasture",79.02,12165.5917888382,13.8560270943487
"070700020702","Grass/Pasture",90.98,4256.35397900065,4.21050624434006
"070700021103","Grass/Pasture",75.5,2132.12487892261,2.54160581593424
"070700021506","Grass/Pasture",68.31,3563.86200926721,4.69547036794099
"070700021507","Grass/Pasture",78.18,5119.01796229473,5.89296004868925
"070700031102","Grass/Pasture",93.34,5496.95746785315,5.30025896836065
"070700040102","Grass/Pasture",89.99,25725.686165407,25.7285448926173
"070700040203","Grass/Pasture",87.27,23960.9680403512,24.7105204953777
"070700040302","Grass/Pasture",72.88,14725.1936895326,18.1842402861956
"070700040303","Grass/Pasture",85.99,14804.3527314566,15.494728989779
"070700050404","Grass/Pasture",64.19,7106.91907816635,9.96452277667817
"070700050903","Grass/Pasture",79.43,12094.052371771,13.7034459707842
"070700051001","Grass/Pasture",72.51,14093.0047397956,17.4923517663992
"070700060101","Grass/Pasture",90.92,25818.9332585816,25.5576770047552
"070700060302","Grass/Pasture",94.61,20466.0513370107,19.4688153507131
"070801020503","Grass/Pasture",76.49,9721.56060093938,11.4386253638978
"070801021001","Grass/Pasture",94.4,15643.9895561203,14.9148205513859
"070801030203","Grass/Pasture",91.75,22111.2328665706,21.689492730151
"070801030501","Grass/Pasture",78,9890.43949483313,11.4120455709613
"070801040404","Grass/Pasture",66.93,9765.36976829881,13.1313802352741
"070801040803","Grass/Pasture",90.85,9092.91555393278,9.00784149536544
"070801041004","Grass/Pasture",90.19,9989.73763832484,9.9686926205703
"070801041005","Grass/Pasture",82.11,4716.48122178283,5.16969078017848
"070801060601","Grass/Pasture",93.58,31026.619768063,29.8396642351536
"070802010101","Grass/Pasture",80.65,7216.07545567903,8.05265704911485
"070802010103","Grass/Pasture",75.34,3876.34440532535,4.63062113723496
"070802010301","Grass/Pasture",68.56,3404.19743992726,4.46875393222657
"070802010701","Grass/Pasture",77.28,4590.34635178698,5.3459002544103
"070802011103","Grass/Pasture",66.54,10832.1946072489,14.6513001901473
"070802020102","Grass/Pasture",89.84,5125.31752465069,5.13444542763315
"070802060202","Grass/Pasture",65.63,8925.28309984691,12.2394557212589
"070802060407","Grass/Pasture",63.79,18683.6389928289,26.3603622723719
"070802060603","Grass/Pasture",93,13531.5262647498,13.0950254174998
"070802090203","Grass/Pasture",86.19,27216.1127903329,28.4191919147228
"070802090205","Grass/Pasture",71.86,21074.2207431774,26.3940977857774
"070802090704","Grass/Pasture",77.99,6950.23217202847,8.02052693271653
"070802090801","Grass/Pasture",75.32,20484.0970023501,24.4764834069505
"070802091103","Grass/Pasture",73.6,14363.5721928674,17.5641507793215
"070900030901","Grass/Pasture",73.51,15285.3150759056,18.7141661927833
"070900031304","Grass/Pasture",71,8433.93733525598,10.6909064813104
"070900040501","Grass/Pasture",94.59,21720.4492733175,20.6664598223763
"070900050503","Grass/Pasture",89.28,14643.3538871628,14.761445450769
"070900050603","Grass/Pasture",72.61,9037.68643140994,11.2022005071876
"070900050903","Grass/Pasture",84.95,9496.75183281372,10.0613027069245
"070900070104","Grass/Pasture",84.36,7209.5899088612,7.69159663107525
"070900070106","Grass/Pasture",87.26,6672.25130298382,6.88176274660261
"070900070602","Grass/Pasture",74,7011.40974200682,8.52739022676505
"071000010201","Grass/Pasture",92.35,6701.21847462775,6.53069477765563
"071000010301","Grass/Pasture",73.4,4714.82449903267,5.78111995794197
"071000010302","Grass/Pasture",71.44,3137.03093418584,3.95202665280971
"071000010602","Grass/Pasture",84.64,1762.1336498007,1.87372434406974
"071000010801","Grass/Pasture",83.87,4460.55972287431,4.78657893237973
"071000010803","Grass/Pasture",90.38,17888.0726723994,17.8128628072134
"071000010804","Grass/Pasture",67.6,5879.59464590414,7.82786269425107
"071000040204","Grass/Pasture",93.39,11885.4199229811,11.4539864339683
"071000040605","Grass/Pasture",78.59,4434.88191847852,5.07875521902363
"071000070901","Grass/Pasture",65.51,23962.9325125255,32.9211406827552
"071000070902","Grass/Pasture",63.96,17021.2104559992,23.9510466078788
"071000080503","Grass/Pasture",64.34,22736.0316456039,31.8035879406955
"071000080605","Grass/Pasture",66.33,21669.4348869762,29.402218299832
"071000080610","Grass/Pasture",89.16,32162.2005568618,32.4652091758363
"071000081102","Grass/Pasture",76.38,18836.4981538994,22.1954023808713
"071000081202","Grass/Pasture",76.13,20189.8332556279,23.8681859057732
"071000081505","Grass/Pasture",79.02,32479.5831034599,36.9926914617994
"071000090309","Grass/Pasture",74.84,21143.2566486969,25.4261504326927
"071100010401","Grass/Pasture",64.66,12645.2075545535,17.6008147217726
"071100010507","Grass/Pasture",66.56,14080.8271773854,19.0395800174983
"071100090202","Grass/Pasture",66.76,11039.6010373347,14.8826257243877
"071200011405","Grass/Pasture",71.42,9356.91477864281,11.7911275563967
"071200060801","Grass/Pasture",78.43,9415.63610026496,10.8046315061054
"071200070510","Grass/Pasture",86.93,7163.01695885313,7.41598442766343
"071200070606","Grass/Pasture",83.92,8258.99203867232,8.85735561821388
"071300010801","Grass/Pasture",72.63,2579.6189049547,3.19655378556964
"071300011102","Grass/Pasture",93.08,11963.9763542839,11.5680905875113
"071300011204","Grass/Pasture",81.04,10584.3949874874,11.7546341173972
"071300011402","Grass/Pasture",81.51,5584.92233571433,6.16664225511336
"071300011502","Grass/Pasture",81.51,7150.91670621588,7.89574903152287
"071300030403","Grass/Pasture",72.64,5628.4142577927,6.97353088107576
"071300030506","Grass/Pasture",70.02,4126.18036915404,5.30357373927255
"071300040803","Grass/Pasture",69.09,3574.83067008358,4.65674859324826
"071300050106","Grass/Pasture",79.11,8353.71582417995,9.50365850304886
"071300050602","Grass/Pasture",80.34,5284.93120115623,5.92038596096665
"071300050803","Grass/Pasture",64,8813.10429664582,12.3934279171582
"071300050908","Grass/Pasture",94.65,9780.19478643977,9.29970978108377
"071300080303","Grass/Pasture",65.69,16992.7744353181,23.2813167784842
"071300080701","Grass/Pasture",67.86,8870.50496130654,11.7645954393986
"071300080702","Grass/Pasture",72,6903.50405022568,8.6293800627821
"071300080803","Grass/Pasture",76.21,7453.46539038257,8.80215044133882
"071300090403","Grass/Pasture",86.36,17742.7008697447,18.4905405080711
"071300100101","Grass/Pasture",82.66,11313.1137328468,12.3176897647739
"071300100102","Grass/Pasture",69.68,7733.82544495392,9.98915456437791
"071300100202","Grass/Pasture",87.64,12570.2582666256,12.9087544956219
"071300100204","Grass/Pasture",86.5,9457.0003060009,9.83965349757319
"071300100304","Grass/Pasture",71.34,6703.62367935066,8.4570525811825
"071300100306","Grass/Pasture",76.54,11656.3177210463,13.7061483524192
"071300100502","Grass/Pasture",87.99,17336.0908070372,17.7321078830929
"071300100701","Grass/Pasture",77.34,7604.02202117321,8.84874556381677
"071300100704","Grass/Pasture",71.07,12982.1910997419,16.4400900376639
"071300100802","Grass/Pasture",68.06,6273.84001993947,8.2962915338606
"071300101001","Grass/Pasture",84.54,14647.6226604086,15.5936366150553
"071300101003","Grass/Pasture",71.84,9448.09975349626,11.8364278649034
"071300101101","Grass/Pasture",72.8,17522.313927006,21.6622012833865
"071300120201","Grass/Pasture",83.17,7248.4681286795,7.84371926874059
"071300120206","Grass/Pasture",79.84,6417.42159369154,7.2340674277585
"071300120403","Grass/Pasture",64.5,5865.41864345456,8.18430508389008
"071300120501","Grass/Pasture",92.5,12048.3674978302,11.7227359438348
"071401050104","Grass/Pasture",92.78,18432.0178370959,17.8797327585539
"071401050204","Grass/Pasture",81.77,20468.8229985848,22.5289723599441
"071401060202","Grass/Pasture",68.4,10845.8851218689,14.2709014761433
"071401060204","Grass/Pasture",89.28,12127.4234108555,12.2252252125559
"071401060304","Grass/Pasture",68.74,9536.69391511542,12.4862154838578
"071401060402","Grass/Pasture",80.09,13371.1250637321,15.0256118833299
"071401061003","Grass/Pasture",92.44,9859.97915761999,9.5997200798983
"071401061005","Grass/Pasture",87.08,10256.5648061296,10.6004918758804
"071402010206","Grass/Pasture",76.39,5557.618794095,6.54779017500393
"071402010902","Grass/Pasture",71.87,7012.63377179555,8.78164796802003
"071402020101","Grass/Pasture",75.01,4870.47918646736,5.8437958509807
"071402020102","Grass/Pasture",66.29,6841.85370308966,9.28898526592351
"071402020103","Grass/Pasture",93.58,8757.49111422824,8.42246420475039
"071402020201","Grass/Pasture",75.67,10750.4898059654,12.7863629250282
"071402020202","Grass/Pasture",64.7,10321.2066360159,14.3571653360345
"071402020503","Grass/Pasture",64.26,6374.63740254712,8.92806358900157
"071402020601","Grass/Pasture",77.29,10910.4224592545,12.7045933669673
"071402020705","Grass/Pasture",79.97,4340.56194416442,4.88496404870324
"071402020804","Grass/Pasture",90.64,15524.4648936398,15.4148481953617
"071402020808","Grass/Pasture",89.85,6347.84576458856,6.35844316987168
"071402030402","Grass/Pasture",90.16,8735.64114058512,8.72013867183519
"071402030504","Grass/Pasture",77.43,5746.59047451627,6.67949299633817
"071402040202","Grass/Pasture",71.86,6032.18241641977,7.55491813912857
"071402040301","Grass/Pasture",88.06,8889.79030892137,9.08563624577474
"071402040611","Grass/Pasture",65.75,6762.17434115586,9.2562082236354
"071402040704","Grass/Pasture",75.46,13383.8625987167,15.9627303721774
"071402040903","Grass/Pasture",67.19,3409.43483764854,4.56688696812574
